customer_id,name,email,prefecture,created_at
1,田中 翔太,user0001@example.com,新潟県,2024-10-08 08:54:58
2,伊藤 陽菜,user0002@example.com,山形県,2025-11-23 19:51:22
3,山口 芽依,user0003@example.com,山形県,2024-02-02 01:05:05
4,山本 葵,user0004@example.com,青森県,2025-06-01 21:55:07
5,清水 拓海,user0005@example.com,大阪府,2025-10-27 19:50:26
6,中村 颯太,user0006@example.com,北海道,2025-08-26 10:07:43
7,渡辺 芽依,user0007@example.com,群馬県,2024-12-14 10:07:01
8,山本 悠斗,user0008@example.com,滋賀県,2024-04-14 03:22:36
9,田中 凛,user0009@example.com,石川県,2024-12-18 21:58:51
10,鈴木 颯太,user0010@example.com,滋賀県,2025-07-03 04:32:41
11,高橋 楓,user0011@example.com,福岡県,2024-10-27 22:53:17
12,山田 樹,user0012@example.com,岩手県,2024-07-15 02:31:56
13,中村 結衣,user0013@example.com,福島県,2024-03-22 08:28:32
14,松本 蓮,user0014@example.com,三重県,2025-04-09 23:08:40
15,渡辺 凛,user0015@example.com,熊本県,2024-12-29 07:37:40
16,小林 健太,user0016@example.com,埼玉県,2025-09-15 23:07:07
17,清水 葵,user0017@example.com,滋賀県,2024-06-16 16:49:49
18,小林 楓,user0018@example.com,宮城県,2024-08-12 11:48:24
19,中村 美咲,user0019@example.com,福井県,2024-11-19 14:36:21
20,高橋 拓海,user0020@example.com,神奈川県,2025-08-03 11:27:25
21,林 陸,user0021@example.com,群馬県,2025-10-20 16:42:22
22,小林 大輝,user0022@example.com,山口県,2024-09-09 20:26:19
23,小林 樹,user0023@example.com,京都府,2025-03-14 21:14:44
24,山田 葵,user0024@example.com,島根県,2024-05-21 18:33:04
25,高橋 美咲,user0025@example.com,佐賀県,2024-04-22 05:33:53
26,渡辺 芽依,user0026@example.com,滋賀県,2025-09-02 02:18:46
27,松本 杏,user0027@example.com,石川県,2025-04-24 19:15:52
28,清水 翔太,user0028@example.com,大分県,2025-11-27 04:10:14
29,清水 蓮,user0029@example.com,茨城県,2025-10-18 12:23:07
30,加藤 芽依,user0030@example.com,北海道,2024-06-10 16:31:10
31,小林 湊,user0031@example.com,福島県,2024-07-01 18:29:02
32,加藤 湊,user0032@example.com,群馬県,2025-09-15 07:14:31
33,山田 さくら,user0033@example.com,北海道,2025-07-06 19:18:34
34,森 悠斗,user0034@example.com,茨城県,2025-05-15 00:42:32
35,山田 結衣,user0035@example.com,富山県,2024-09-02 02:06:32
36,山口 健太,user0036@example.com,秋田県,2024-03-28 17:41:39
37,清水 大輝,user0037@example.com,徳島県,2024-05-11 17:18:16
38,渡辺 蓮,user0038@example.com,兵庫県,2025-06-24 22:05:07
39,山本 楓,user0039@example.com,鹿児島県,2025-12-07 07:19:25
40,加藤 陸,user0040@example.com,三重県,2025-11-18 23:39:40
41,木村 湊,user0041@example.com,富山県,2025-04-07 04:24:20
42,中村 健太,user0042@example.com,愛媛県,2024-12-12 00:45:57
43,清水 葵,user0043@example.com,北海道,2025-08-25 08:01:04
44,高橋 美咲,user0044@example.com,岩手県,2024-08-22 02:27:14
45,吉田 健太,user0045@example.com,福井県,2025-06-10 08:39:55
46,林 拓海,user0046@example.com,沖縄県,2025-07-06 04:49:02
47,山口 樹,user0047@example.com,鳥取県,2025-04-29 08:50:50
48,井上 拓海,user0048@example.com,熊本県,2024-04-06 03:31:44
49,井上 凛,user0049@example.com,和歌山県,2025-03-09 14:58:03
50,鈴木 陽菜,user0050@example.com,沖縄県,2024-03-03 14:39:32
51,吉田 陽菜,user0051@example.com,東京都,2024-09-11 06:58:32
52,清水 颯太,user0052@example.com,千葉県,2024-05-23 15:21:36
53,小林 颯太,user0053@example.com,奈良県,2024-09-12 02:44:40
54,清水 陽菜,user0054@example.com,山口県,2024-02-21 23:44:37
55,佐藤 健太,user0055@example.com,大阪府,2024-08-30 06:03:18
56,林 紬,user0056@example.com,宮城県,2024-08-06 14:36:05
57,渡辺 陸,user0057@example.com,石川県,2024-01-03 14:12:53
58,木村 結衣,user0058@example.com,熊本県,2025-03-09 20:14:05
59,林 大輝,user0059@example.com,神奈川県,2024-07-13 10:48:10
60,鈴木 樹,user0060@example.com,岐阜県,2025-07-09 02:13:09
61,鈴木 美咲,user0061@example.com,岡山県,2025-08-21 17:21:33
62,斎藤 さくら,user0062@example.com,山形県,2024-02-28 18:29:22
63,渡辺 健太,user0063@example.com,大分県,2025-09-01 02:28:27
64,中村 陸,user0064@example.com,富山県,2024-05-02 20:44:28
65,山口 杏,user0065@example.com,山形県,2024-02-10 22:33:03
66,井上 樹,user0066@example.com,岐阜県,2025-08-01 19:02:02
67,小林 拓海,user0067@example.com,富山県,2025-11-16 11:26:20
68,小林 陸,user0068@example.com,長野県,2024-05-14 23:30:07
69,木村 悠斗,user0069@example.com,和歌山県,2024-03-15 00:20:20
70,森 樹,user0070@example.com,山口県,2024-04-12 02:40:02
71,山本 湊,user0071@example.com,愛知県,2024-09-28 04:49:21
72,高橋 葵,user0072@example.com,埼玉県,2025-01-13 10:22:33
73,木村 楓,user0073@example.com,福岡県,2025-12-21 11:00:51
74,斎藤 翔太,user0074@example.com,長野県,2025-11-14 20:11:32
75,田中 大輝,user0075@example.com,福島県,2024-09-27 04:12:09
76,清水 大輝,user0076@example.com,高知県,2024-10-05 10:15:30
77,山本 悠斗,user0077@example.com,石川県,2024-07-27 23:05:30
78,斎藤 紬,user0078@example.com,山形県,2024-09-14 01:50:58
79,井上 蓮,user0079@example.com,静岡県,2024-02-15 00:07:44
80,伊藤 蓮,user0080@example.com,徳島県,2024-06-14 16:05:12
81,井上 楓,user0081@example.com,秋田県,2024-01-10 04:04:23
82,伊藤 楓,user0082@example.com,愛媛県,2024-02-06 13:26:33
83,清水 大輝,user0083@example.com,岩手県,2025-03-16 04:38:24
84,加藤 凛,user0084@example.com,神奈川県,2024-02-10 13:01:38
85,中村 陽菜,user0085@example.com,大阪府,2024-12-28 20:23:05
86,森 大輝,user0086@example.com,千葉県,2024-08-30 05:54:59
87,井上 翔太,user0087@example.com,大阪府,2024-07-02 12:05:40
88,中村 蓮,user0088@example.com,滋賀県,2024-06-12 03:56:08
89,鈴木 紬,user0089@example.com,和歌山県,2024-08-15 07:15:58
90,山田 結衣,user0090@example.com,青森県,2024-08-21 08:06:59
91,山本 陸,user0091@example.com,秋田県,2024-12-02 10:08:37
92,小林 凛,user0092@example.com,京都府,2025-10-18 18:32:48
93,清水 悠斗,user0093@example.com,石川県,2024-01-29 04:11:58
94,渡辺 樹,user0094@example.com,福島県,2024-09-28 01:23:34
95,森 芽依,user0095@example.com,兵庫県,2024-12-19 11:25:14
96,森 湊,user0096@example.com,香川県,2024-04-28 14:01:28
97,山本 蓮,user0097@example.com,北海道,2024-02-15 15:52:34
98,斎藤 楓,user0098@example.com,三重県,2025-12-04 07:10:25
99,井上 健太,user0099@example.com,福岡県,2025-11-11 12:01:19
100,吉田 陽菜,user0100@example.com,長野県,2024-11-03 18:27:49
101,井上 悠斗,user0101@example.com,徳島県,2025-02-16 10:45:52
102,伊藤 拓海,user0102@example.com,大分県,2025-03-06 13:48:15
103,渡辺 杏,user0103@example.com,京都府,2025-08-05 10:57:26
104,清水 翔太,user0104@example.com,神奈川県,2024-11-07 10:26:46
105,井上 樹,user0105@example.com,岐阜県,2025-09-13 23:50:13
106,木村 颯太,user0106@example.com,岡山県,2025-03-28 07:46:50
107,林 さくら,user0107@example.com,山梨県,2025-11-05 03:05:14
108,斎藤 杏,user0108@example.com,富山県,2024-12-09 03:24:00
109,加藤 葵,user0109@example.com,青森県,2024-07-22 05:21:53
110,鈴木 葵,user0110@example.com,秋田県,2025-05-01 22:15:20
111,木村 芽依,user0111@example.com,東京都,2025-10-06 20:57:34
112,松本 紬,user0112@example.com,群馬県,2025-02-13 08:52:59
113,佐藤 陽菜,user0113@example.com,千葉県,2025-03-11 07:58:03
114,斎藤 颯太,user0114@example.com,富山県,2024-02-21 20:17:40
115,田中 颯太,user0115@example.com,熊本県,2024-05-16 16:55:01
116,斎藤 楓,user0116@example.com,奈良県,2025-09-01 11:33:08
117,森 湊,user0117@example.com,奈良県,2025-03-12 19:56:50
118,渡辺 紬,user0118@example.com,富山県,2025-04-05 09:26:12
119,小林 湊,user0119@example.com,富山県,2025-05-11 22:49:09
120,小林 颯太,user0120@example.com,富山県,2024-03-20 10:24:10
121,小林 悠斗,user0121@example.com,山形県,2024-11-23 19:39:58
122,伊藤 大輝,user0122@example.com,宮崎県,2024-08-24 13:56:45
123,伊藤 拓海,user0123@example.com,大阪府,2024-03-06 15:06:17
124,吉田 楓,user0124@example.com,宮城県,2025-04-22 15:08:16
125,山本 芽依,user0125@example.com,宮崎県,2025-02-02 21:15:56
126,佐藤 樹,user0126@example.com,北海道,2025-01-24 17:21:58
127,山田 結衣,user0127@example.com,山口県,2025-02-03 15:15:21
128,清水 杏,user0128@example.com,新潟県,2024-08-13 17:46:33
129,小林 芽依,user0129@example.com,滋賀県,2025-05-12 01:03:24
130,吉田 陸,user0130@example.com,栃木県,2024-06-18 17:01:01
131,森 楓,user0131@example.com,愛媛県,2024-01-28 14:20:45
132,山口 翔太,user0132@example.com,兵庫県,2024-03-26 23:24:06
133,伊藤 颯太,user0133@example.com,石川県,2024-07-05 01:49:50
134,松本 悠斗,user0134@example.com,岐阜県,2024-08-04 16:33:18
135,吉田 陸,user0135@example.com,石川県,2024-10-11 15:20:55
136,高橋 紬,user0136@example.com,宮城県,2024-01-20 19:38:22
137,山田 葵,user0137@example.com,長崎県,2025-10-27 02:29:53
138,鈴木 翔太,user0138@example.com,青森県,2024-09-10 07:15:30
139,森 大輝,user0139@example.com,鳥取県,2024-09-01 04:35:44
140,田中 樹,user0140@example.com,宮崎県,2024-08-11 16:55:52
141,小林 凛,user0141@example.com,高知県,2024-06-20 22:03:35
142,田中 さくら,user0142@example.com,愛媛県,2024-11-14 03:56:08
143,佐藤 結衣,user0143@example.com,京都府,2025-08-12 13:39:52
144,山本 健太,user0144@example.com,富山県,2025-08-29 22:50:13
145,田中 結衣,user0145@example.com,茨城県,2025-12-01 21:51:37
146,山口 美咲,user0146@example.com,兵庫県,2024-12-21 19:23:47
147,山田 健太,user0147@example.com,静岡県,2025-06-02 23:34:34
148,佐藤 芽依,user0148@example.com,兵庫県,2025-05-16 03:50:33
149,山田 颯太,user0149@example.com,兵庫県,2025-12-25 05:34:12
150,渡辺 湊,user0150@example.com,福岡県,2025-10-28 09:50:00
151,清水 紬,user0151@example.com,沖縄県,2025-04-21 15:51:31
152,山口 蓮,user0152@example.com,山形県,2024-11-26 08:56:17
153,小林 颯太,user0153@example.com,香川県,2024-09-06 16:55:10
154,森 陸,user0154@example.com,島根県,2024-12-10 01:02:41
155,吉田 さくら,user0155@example.com,愛知県,2025-05-14 07:43:22
156,小林 悠斗,user0156@example.com,宮崎県,2024-10-13 21:42:19
157,小林 楓,user0157@example.com,東京都,2024-01-11 18:48:35
158,高橋 葵,user0158@example.com,徳島県,2025-02-20 17:47:18
159,中村 紬,user0159@example.com,奈良県,2025-10-23 17:52:12
160,佐藤 健太,user0160@example.com,京都府,2024-10-28 08:04:05
161,中村 結衣,user0161@example.com,三重県,2025-11-10 21:10:25
162,林 楓,user0162@example.com,兵庫県,2025-06-27 12:30:56
163,清水 悠斗,user0163@example.com,福井県,2024-12-26 16:31:13
164,加藤 蓮,user0164@example.com,沖縄県,2024-08-24 04:23:34
165,山本 悠斗,user0165@example.com,宮崎県,2024-05-02 19:30:36
166,渡辺 拓海,user0166@example.com,福井県,2024-08-09 17:37:44
167,山口 湊,user0167@example.com,福島県,2025-09-03 10:18:13
168,山本 結衣,user0168@example.com,千葉県,2024-08-20 13:08:21
169,加藤 翔太,user0169@example.com,栃木県,2025-12-26 19:26:50
170,小林 美咲,user0170@example.com,山梨県,2024-02-25 20:08:49
171,伊藤 紬,user0171@example.com,香川県,2024-04-15 00:26:47
172,加藤 紬,user0172@example.com,静岡県,2025-05-05 16:02:13
173,渡辺 美咲,user0173@example.com,茨城県,2024-09-15 17:23:36
174,高橋 陸,user0174@example.com,香川県,2025-05-18 02:41:50
175,鈴木 大輝,user0175@example.com,長野県,2024-06-01 20:29:32
176,高橋 葵,user0176@example.com,大阪府,2024-05-01 20:19:07
177,森 杏,user0177@example.com,広島県,2025-09-25 08:13:01
178,松本 颯太,user0178@example.com,愛媛県,2025-03-29 10:49:34
179,井上 結衣,user0179@example.com,宮城県,2025-08-05 22:36:39
180,森 陽菜,user0180@example.com,神奈川県,2024-07-31 22:46:27
181,小林 健太,user0181@example.com,千葉県,2024-06-09 08:43:59
182,清水 健太,user0182@example.com,大阪府,2024-06-09 00:05:50
183,木村 杏,user0183@example.com,岩手県,2025-04-26 10:36:15
184,中村 結衣,user0184@example.com,宮崎県,2025-12-24 10:17:36
185,木村 健太,user0185@example.com,石川県,2025-12-04 08:29:55
186,山口 拓海,user0186@example.com,山口県,2025-03-11 04:10:43
187,中村 大輝,user0187@example.com,秋田県,2024-09-29 05:10:43
188,鈴木 さくら,user0188@example.com,香川県,2024-11-10 21:39:53
189,加藤 颯太,user0189@example.com,宮崎県,2024-05-07 17:03:53
190,加藤 陸,user0190@example.com,山口県,2024-10-05 18:13:17
191,林 颯太,user0191@example.com,岩手県,2024-03-23 21:46:25
192,井上 悠斗,user0192@example.com,青森県,2025-09-10 09:06:56
193,高橋 葵,user0193@example.com,愛媛県,2025-11-21 20:56:32
194,佐藤 蓮,user0194@example.com,千葉県,2025-08-13 01:27:53
195,林 湊,user0195@example.com,福井県,2025-10-29 16:06:03
196,渡辺 樹,user0196@example.com,島根県,2025-03-22 23:06:42
197,高橋 紬,user0197@example.com,静岡県,2024-12-22 14:52:03
198,吉田 陽菜,user0198@example.com,大阪府,2024-06-13 12:00:28
199,林 結衣,user0199@example.com,徳島県,2025-11-09 14:34:48
200,鈴木 颯太,user0200@example.com,石川県,2024-03-31 11:27:04
201,吉田 陽菜,user0201@example.com,北海道,2025-02-17 18:44:09
202,清水 颯太,user0202@example.com,東京都,2025-02-27 01:58:24
203,斎藤 凛,user0203@example.com,佐賀県,2025-09-29 18:08:58
204,木村 美咲,user0204@example.com,徳島県,2024-07-27 09:43:23
205,伊藤 結衣,user0205@example.com,茨城県,2025-03-24 17:38:52
206,佐藤 杏,user0206@example.com,長野県,2024-09-02 05:45:58
207,清水 翔太,user0207@example.com,山形県,2025-07-19 14:51:16
208,中村 陽菜,user0208@example.com,長崎県,2025-04-17 04:16:36
209,伊藤 紬,user0209@example.com,鹿児島県,2024-10-25 18:31:38
210,小林 芽依,user0210@example.com,富山県,2025-05-09 17:11:34
211,木村 楓,user0211@example.com,東京都,2024-05-28 13:57:57
212,森 湊,user0212@example.com,福井県,2024-05-19 02:32:30
213,井上 悠斗,user0213@example.com,北海道,2025-06-03 09:43:38
214,加藤 結衣,user0214@example.com,熊本県,2025-08-24 21:06:51
215,林 大輝,user0215@example.com,鳥取県,2025-04-02 19:36:32
216,山田 悠斗,user0216@example.com,滋賀県,2025-07-19 19:47:08
217,木村 悠斗,user0217@example.com,香川県,2024-07-12 08:41:40
218,松本 葵,user0218@example.com,岐阜県,2025-02-24 01:35:20
219,林 陸,user0219@example.com,群馬県,2025-01-30 23:44:21
220,林 美咲,user0220@example.com,愛媛県,2024-05-09 18:17:16
221,吉田 陽菜,user0221@example.com,広島県,2025-03-26 03:37:49
222,木村 翔太,user0222@example.com,長崎県,2024-05-27 14:55:36
223,伊藤 健太,user0223@example.com,静岡県,2025-04-25 09:38:57
224,森 陸,user0224@example.com,静岡県,2025-10-27 02:55:27
225,清水 陸,user0225@example.com,鹿児島県,2024-11-20 22:49:15
226,林 楓,user0226@example.com,秋田県,2024-02-06 22:28:51
227,中村 結衣,user0227@example.com,兵庫県,2024-08-20 03:17:26
228,田中 陽菜,user0228@example.com,宮崎県,2025-03-30 06:03:25
229,加藤 翔太,user0229@example.com,宮城県,2024-02-17 11:48:36
230,加藤 凛,user0230@example.com,群馬県,2025-01-18 15:40:50
231,中村 湊,user0231@example.com,大分県,2025-02-25 20:36:17
232,渡辺 さくら,user0232@example.com,福岡県,2024-06-28 02:52:30
233,松本 杏,user0233@example.com,島根県,2025-11-30 08:46:06
234,山口 大輝,user0234@example.com,佐賀県,2024-08-25 16:47:23
235,小林 颯太,user0235@example.com,和歌山県,2024-09-18 00:20:31
236,加藤 楓,user0236@example.com,奈良県,2024-06-10 02:41:21
237,山田 樹,user0237@example.com,兵庫県,2024-11-02 23:15:46
238,小林 颯太,user0238@example.com,滋賀県,2024-11-05 07:15:11
239,林 陽菜,user0239@example.com,香川県,2024-08-30 13:53:06
240,山田 樹,user0240@example.com,青森県,2024-10-29 10:44:56
241,松本 蓮,user0241@example.com,大分県,2024-01-09 20:36:17
242,鈴木 杏,user0242@example.com,新潟県,2025-05-23 10:25:12
243,森 凛,user0243@example.com,東京都,2024-08-12 23:10:42
244,森 蓮,user0244@example.com,佐賀県,2025-11-25 04:58:47
245,田中 美咲,user0245@example.com,岩手県,2024-11-12 16:02:59
246,山口 凛,user0246@example.com,山梨県,2024-05-14 03:16:53
247,吉田 芽依,user0247@example.com,栃木県,2024-06-28 07:18:38
248,清水 凛,user0248@example.com,福井県,2025-06-27 18:16:11
249,渡辺 蓮,user0249@example.com,静岡県,2025-05-08 10:44:44
250,田中 颯太,user0250@example.com,新潟県,2024-03-18 05:07:29
251,松本 楓,user0251@example.com,京都府,2025-01-09 03:17:16
252,佐藤 蓮,user0252@example.com,和歌山県,2025-07-03 04:29:59
253,山田 蓮,user0253@example.com,佐賀県,2025-08-21 13:52:21
254,山田 陽菜,user0254@example.com,鳥取県,2025-11-22 08:30:47
255,佐藤 杏,user0255@example.com,福岡県,2025-07-28 11:56:32
256,中村 健太,user0256@example.com,宮崎県,2025-10-12 16:54:12
257,加藤 芽依,user0257@example.com,岩手県,2024-04-29 05:05:20
258,鈴木 結衣,user0258@example.com,福島県,2025-05-19 04:13:40
259,中村 楓,user0259@example.com,和歌山県,2024-05-18 14:09:00
260,山田 楓,user0260@example.com,沖縄県,2025-03-05 21:23:03
261,伊藤 芽依,user0261@example.com,島根県,2025-11-01 03:36:18
262,森 芽依,user0262@example.com,宮崎県,2024-10-13 01:11:28
263,山田 拓海,user0263@example.com,富山県,2025-03-30 16:11:27
264,山田 陽菜,user0264@example.com,山口県,2025-12-03 13:22:27
265,山田 美咲,user0265@example.com,東京都,2025-02-11 10:02:40
266,田中 颯太,user0266@example.com,長崎県,2024-04-03 07:43:21
267,森 翔太,user0267@example.com,富山県,2024-02-21 12:08:33
268,伊藤 樹,user0268@example.com,徳島県,2024-07-29 02:29:52
269,山本 樹,user0269@example.com,静岡県,2024-08-09 08:28:59
270,伊藤 杏,user0270@example.com,群馬県,2024-01-03 10:05:42
271,伊藤 楓,user0271@example.com,茨城県,2024-09-13 06:21:11
272,佐藤 大輝,user0272@example.com,富山県,2024-01-16 13:02:35
273,山口 悠斗,user0273@example.com,石川県,2024-01-17 06:20:38
274,鈴木 大輝,user0274@example.com,茨城県,2025-03-07 19:09:15
275,高橋 紬,user0275@example.com,岡山県,2025-04-04 13:10:53
276,山口 陽菜,user0276@example.com,新潟県,2025-04-07 18:20:39
277,森 美咲,user0277@example.com,長野県,2025-11-05 18:59:07
278,木村 翔太,user0278@example.com,京都府,2024-03-03 17:26:21
279,井上 陽菜,user0279@example.com,秋田県,2025-05-17 16:08:58
280,高橋 悠斗,user0280@example.com,秋田県,2025-09-14 05:24:02
281,伊藤 蓮,user0281@example.com,愛媛県,2025-10-01 23:02:58
282,清水 悠斗,user0282@example.com,広島県,2025-01-25 21:45:01
283,加藤 颯太,user0283@example.com,兵庫県,2025-06-01 22:02:34
284,田中 陽菜,user0284@example.com,徳島県,2025-11-01 23:41:56
285,山本 芽依,user0285@example.com,大阪府,2025-04-07 08:19:09
286,吉田 颯太,user0286@example.com,沖縄県,2025-02-12 15:08:44
287,田中 悠斗,user0287@example.com,熊本県,2025-03-13 11:22:43
288,小林 凛,user0288@example.com,秋田県,2024-06-05 17:16:03
289,高橋 健太,user0289@example.com,福島県,2024-04-05 15:43:26
290,山田 大輝,user0290@example.com,愛媛県,2025-07-23 02:11:01
291,清水 楓,user0291@example.com,大阪府,2024-12-03 04:27:01
292,山田 芽依,user0292@example.com,高知県,2024-02-22 10:28:20
293,加藤 凛,user0293@example.com,岡山県,2024-04-16 21:02:28
294,山本 大輝,user0294@example.com,新潟県,2025-11-03 17:33:21
295,田中 凛,user0295@example.com,茨城県,2025-07-23 13:22:56
296,小林 樹,user0296@example.com,徳島県,2024-08-19 15:37:24
297,森 杏,user0297@example.com,徳島県,2025-11-22 23:23:59
298,佐藤 杏,user0298@example.com,青森県,2025-11-04 09:44:14
299,渡辺 蓮,user0299@example.com,静岡県,2025-12-20 11:14:59
300,山田 翔太,user0300@example.com,香川県,2024-07-04 05:12:56
301,松本 健太,user0301@example.com,青森県,2024-05-25 23:03:11
302,高橋 湊,user0302@example.com,大阪府,2024-08-08 13:41:48
303,木村 悠斗,user0303@example.com,長野県,2024-06-10 13:28:23
304,吉田 樹,user0304@example.com,宮城県,2025-09-02 03:05:35
305,伊藤 さくら,user0305@example.com,大分県,2025-09-24 01:48:42
306,高橋 蓮,user0306@example.com,島根県,2025-03-29 15:26:16
307,森 颯太,user0307@example.com,神奈川県,2025-02-28 09:56:44
308,斎藤 陽菜,user0308@example.com,茨城県,2024-12-19 15:39:09
309,加藤 樹,user0309@example.com,熊本県,2025-05-13 19:11:06
310,加藤 美咲,user0310@example.com,高知県,2024-08-13 14:23:27
311,鈴木 翔太,user0311@example.com,神奈川県,2024-07-28 10:58:27
312,伊藤 蓮,user0312@example.com,茨城県,2024-10-23 11:56:47
313,佐藤 紬,user0313@example.com,栃木県,2025-03-16 06:23:48
314,松本 楓,user0314@example.com,岡山県,2025-12-21 08:22:41
315,清水 凛,user0315@example.com,岩手県,2024-03-14 14:27:24
316,井上 翔太,user0316@example.com,岐阜県,2025-04-15 02:50:05
317,山口 芽依,user0317@example.com,鹿児島県,2025-08-10 14:43:28
318,井上 結衣,user0318@example.com,青森県,2024-04-27 14:44:48
319,吉田 さくら,user0319@example.com,宮崎県,2025-09-24 16:45:05
320,山田 健太,user0320@example.com,富山県,2025-03-23 03:51:15
321,井上 樹,user0321@example.com,山形県,2025-02-14 19:04:36
322,松本 結衣,user0322@example.com,静岡県,2024-12-13 08:04:01
323,渡辺 健太,user0323@example.com,茨城県,2025-06-06 23:03:18
324,斎藤 湊,user0324@example.com,愛知県,2024-07-17 12:43:13
325,伊藤 葵,user0325@example.com,石川県,2024-04-15 05:19:54
326,山本 さくら,user0326@example.com,長崎県,2025-09-08 05:33:56
327,高橋 さくら,user0327@example.com,和歌山県,2025-10-05 17:59:24
328,山口 樹,user0328@example.com,長崎県,2025-04-04 20:33:09
329,森 悠斗,user0329@example.com,群馬県,2025-10-04 11:30:36
330,木村 健太,user0330@example.com,佐賀県,2025-04-25 16:06:01
331,加藤 蓮,user0331@example.com,愛知県,2025-08-28 02:02:42
332,斎藤 健太,user0332@example.com,奈良県,2024-11-13 16:48:41
333,鈴木 美咲,user0333@example.com,秋田県,2025-01-12 10:27:07
334,高橋 杏,user0334@example.com,滋賀県,2025-08-31 18:27:42
335,木村 樹,user0335@example.com,奈良県,2025-07-21 01:29:36
336,山口 拓海,user0336@example.com,鳥取県,2024-11-25 22:01:39
337,斎藤 大輝,user0337@example.com,福島県,2024-03-04 16:24:10
338,吉田 健太,user0338@example.com,千葉県,2025-05-31 23:31:29
339,鈴木 葵,user0339@example.com,奈良県,2025-12-25 15:56:17
340,斎藤 湊,user0340@example.com,三重県,2025-09-16 05:46:47
341,山田 結衣,user0341@example.com,静岡県,2025-01-31 14:52:58
342,森 美咲,user0342@example.com,静岡県,2025-10-08 23:34:03
343,高橋 悠斗,user0343@example.com,大分県,2024-04-06 20:18:53
344,松本 結衣,user0344@example.com,高知県,2024-09-15 23:54:17
345,伊藤 悠斗,user0345@example.com,熊本県,2024-03-24 21:13:00
346,伊藤 凛,user0346@example.com,宮崎県,2024-11-13 23:53:10
347,松本 大輝,user0347@example.com,長野県,2025-09-01 03:05:04
348,清水 陸,user0348@example.com,栃木県,2025-10-20 11:57:34
349,斎藤 健太,user0349@example.com,岡山県,2025-10-23 15:24:56
350,山田 翔太,user0350@example.com,千葉県,2025-01-06 11:14:43
351,山本 悠斗,user0351@example.com,新潟県,2025-05-12 06:59:26
352,伊藤 大輝,user0352@example.com,福島県,2024-03-20 10:46:10
353,斎藤 楓,user0353@example.com,熊本県,2025-06-23 01:22:27
354,吉田 杏,user0354@example.com,滋賀県,2024-05-14 21:44:42
355,伊藤 さくら,user0355@example.com,埼玉県,2024-07-04 22:44:45
356,木村 美咲,user0356@example.com,大分県,2025-02-24 13:15:49
357,中村 颯太,user0357@example.com,奈良県,2025-09-17 10:22:26
358,中村 楓,user0358@example.com,鳥取県,2024-09-01 11:16:02
359,山本 凛,user0359@example.com,奈良県,2025-11-25 20:46:06
360,木村 結衣,user0360@example.com,広島県,2025-01-26 18:18:36
361,井上 さくら,user0361@example.com,栃木県,2024-07-23 22:00:54
362,小林 美咲,user0362@example.com,三重県,2025-10-18 17:29:51
363,清水 陽菜,user0363@example.com,茨城県,2025-12-29 18:47:01
364,加藤 健太,user0364@example.com,奈良県,2024-06-13 09:55:55
365,斎藤 大輝,user0365@example.com,新潟県,2025-03-23 03:20:21
366,木村 凛,user0366@example.com,宮城県,2024-01-28 15:06:21
367,松本 湊,user0367@example.com,滋賀県,2025-01-17 08:35:03
368,高橋 凛,user0368@example.com,岐阜県,2024-08-17 01:01:34
369,田中 悠斗,user0369@example.com,岩手県,2024-05-29 05:00:35
370,加藤 紬,user0370@example.com,鹿児島県,2025-12-13 05:03:11
371,林 颯太,user0371@example.com,山形県,2025-09-22 00:11:28
372,佐藤 蓮,user0372@example.com,徳島県,2024-08-08 05:26:37
373,森 湊,user0373@example.com,山梨県,2025-03-09 04:02:53
374,中村 結衣,user0374@example.com,富山県,2024-05-04 01:44:18
375,井上 杏,user0375@example.com,茨城県,2025-04-13 02:17:12
376,林 杏,user0376@example.com,佐賀県,2025-07-02 00:35:54
377,斎藤 樹,user0377@example.com,山梨県,2024-09-04 05:13:38
378,井上 翔太,user0378@example.com,富山県,2025-09-21 12:50:44
379,山口 芽依,user0379@example.com,広島県,2024-07-10 03:07:01
380,山田 健太,user0380@example.com,岡山県,2025-06-22 19:48:33
381,斎藤 楓,user0381@example.com,鳥取県,2024-01-21 14:12:57
382,鈴木 陸,user0382@example.com,青森県,2025-01-17 09:14:06
383,山田 健太,user0383@example.com,沖縄県,2024-12-19 08:46:44
384,田中 樹,user0384@example.com,岩手県,2024-12-06 04:51:26
385,山田 楓,user0385@example.com,千葉県,2024-12-12 23:24:12
386,木村 紬,user0386@example.com,栃木県,2025-10-08 06:38:11
387,高橋 颯太,user0387@example.com,東京都,2024-02-07 10:41:02
388,鈴木 拓海,user0388@example.com,長野県,2024-02-12 11:29:25
389,斎藤 陸,user0389@example.com,石川県,2025-07-10 17:14:09
390,鈴木 拓海,user0390@example.com,宮城県,2024-10-19 12:59:49
391,吉田 蓮,user0391@example.com,兵庫県,2024-05-07 13:23:57
392,松本 颯太,user0392@example.com,千葉県,2025-01-30 12:20:38
393,林 紬,user0393@example.com,福井県,2025-01-11 18:54:22
394,高橋 芽依,user0394@example.com,高知県,2024-03-21 15:40:40
395,渡辺 楓,user0395@example.com,福島県,2024-10-27 11:41:41
396,高橋 悠斗,user0396@example.com,長野県,2025-11-07 10:45:50
397,木村 杏,user0397@example.com,宮崎県,2025-03-12 06:04:02
398,木村 凛,user0398@example.com,沖縄県,2025-04-02 01:32:31
399,山田 杏,user0399@example.com,佐賀県,2025-03-21 09:59:46
400,鈴木 健太,user0400@example.com,京都府,2025-11-18 23:12:40
401,山田 湊,user0401@example.com,青森県,2025-11-26 05:49:29
402,伊藤 杏,user0402@example.com,岩手県,2025-11-25 15:57:12
403,伊藤 健太,user0403@example.com,三重県,2024-08-29 23:29:22
404,山田 陸,user0404@example.com,高知県,2025-08-03 01:10:44
405,伊藤 颯太,user0405@example.com,奈良県,2025-01-14 13:32:40
406,高橋 樹,user0406@example.com,三重県,2024-05-20 19:16:37
407,松本 悠斗,user0407@example.com,富山県,2025-10-27 10:08:48
408,田中 翔太,user0408@example.com,広島県,2024-07-09 18:10:10
409,松本 楓,user0409@example.com,石川県,2024-04-30 09:31:51
410,木村 拓海,user0410@example.com,宮崎県,2025-09-18 10:23:51
411,林 拓海,user0411@example.com,秋田県,2024-05-05 04:56:30
412,木村 さくら,user0412@example.com,山形県,2025-12-31 16:12:21
413,吉田 凛,user0413@example.com,徳島県,2025-12-27 02:21:51
414,清水 結衣,user0414@example.com,鹿児島県,2024-11-03 05:44:04
415,渡辺 凛,user0415@example.com,茨城県,2025-06-04 08:09:51
416,山本 大輝,user0416@example.com,青森県,2024-08-30 17:59:12
417,山田 楓,user0417@example.com,和歌山県,2025-08-09 13:25:53
418,清水 大輝,user0418@example.com,秋田県,2025-09-18 03:08:20
419,加藤 陸,user0419@example.com,大阪府,2025-05-05 19:08:23
420,井上 樹,user0420@example.com,岐阜県,2024-03-16 04:33:46
421,高橋 颯太,user0421@example.com,愛知県,2025-04-22 18:50:11
422,伊藤 楓,user0422@example.com,千葉県,2025-10-17 21:24:02
423,伊藤 芽依,user0423@example.com,茨城県,2025-05-29 02:01:03
424,斎藤 大輝,user0424@example.com,埼玉県,2024-11-07 05:59:41
425,吉田 葵,user0425@example.com,山梨県,2024-12-20 18:53:32
426,高橋 蓮,user0426@example.com,徳島県,2024-07-20 23:07:18
427,小林 大輝,user0427@example.com,福岡県,2025-10-02 11:01:31
428,清水 健太,user0428@example.com,埼玉県,2025-05-29 23:20:15
429,山口 樹,user0429@example.com,熊本県,2024-06-06 06:13:59
430,森 杏,user0430@example.com,岩手県,2024-12-11 20:31:14
431,佐藤 健太,user0431@example.com,香川県,2024-02-16 23:21:16
432,小林 拓海,user0432@example.com,福岡県,2025-08-08 15:10:02
433,佐藤 紬,user0433@example.com,山梨県,2025-10-04 19:51:49
434,加藤 紬,user0434@example.com,長野県,2024-09-07 14:47:07
435,木村 健太,user0435@example.com,埼玉県,2025-12-06 02:10:52
436,木村 芽依,user0436@example.com,神奈川県,2025-05-10 16:54:35
437,吉田 杏,user0437@example.com,鹿児島県,2024-05-27 11:22:50
438,吉田 凛,user0438@example.com,三重県,2025-02-12 04:45:39
439,斎藤 楓,user0439@example.com,富山県,2024-04-18 11:37:07
440,木村 陽菜,user0440@example.com,富山県,2024-09-30 16:22:09
441,伊藤 陽菜,user0441@example.com,滋賀県,2024-02-21 10:33:58
442,森 芽依,user0442@example.com,岐阜県,2024-09-11 05:48:52
443,山口 悠斗,user0443@example.com,島根県,2024-07-13 05:48:05
444,斎藤 颯太,user0444@example.com,島根県,2025-05-25 11:14:01
445,佐藤 健太,user0445@example.com,和歌山県,2025-02-06 18:24:09
446,中村 拓海,user0446@example.com,宮城県,2025-08-20 12:50:54
447,鈴木 結衣,user0447@example.com,長崎県,2025-05-21 21:45:17
448,林 結衣,user0448@example.com,福島県,2025-07-03 00:17:51
449,井上 大輝,user0449@example.com,京都府,2024-09-27 13:19:03
450,山田 美咲,user0450@example.com,香川県,2025-02-14 01:51:45
451,清水 拓海,user0451@example.com,山梨県,2025-01-06 20:08:32
452,高橋 陸,user0452@example.com,徳島県,2025-05-31 16:23:48
453,小林 杏,user0453@example.com,茨城県,2025-11-27 22:14:50
454,伊藤 陽菜,user0454@example.com,静岡県,2025-02-07 13:35:15
455,清水 凛,user0455@example.com,高知県,2024-05-27 07:14:50
456,斎藤 陸,user0456@example.com,岩手県,2025-05-27 01:27:56
457,鈴木 大輝,user0457@example.com,鳥取県,2025-12-31 12:07:32
458,斎藤 颯太,user0458@example.com,岡山県,2024-06-01 22:04:23
459,伊藤 悠斗,user0459@example.com,埼玉県,2025-09-19 11:35:50
460,松本 杏,user0460@example.com,静岡県,2024-11-02 21:37:00
461,斎藤 湊,user0461@example.com,鹿児島県,2025-06-29 17:50:05
462,山口 結衣,user0462@example.com,三重県,2025-05-01 00:36:20
463,吉田 陽菜,user0463@example.com,長野県,2025-03-02 21:15:07
464,佐藤 杏,user0464@example.com,長崎県,2025-04-30 09:40:03
465,山口 樹,user0465@example.com,愛媛県,2024-08-21 01:52:11
466,林 さくら,user0466@example.com,沖縄県,2025-06-20 22:54:07
467,森 陸,user0467@example.com,岩手県,2024-05-31 08:49:05
468,山口 陽菜,user0468@example.com,奈良県,2024-07-14 00:41:22
469,吉田 芽依,user0469@example.com,宮崎県,2024-06-04 15:02:07
470,山本 芽依,user0470@example.com,鳥取県,2025-05-28 22:15:47
471,鈴木 大輝,user0471@example.com,徳島県,2025-06-15 07:32:56
472,吉田 紬,user0472@example.com,岐阜県,2025-06-22 13:43:11
473,渡辺 颯太,user0473@example.com,山口県,2025-06-29 12:27:49
474,山田 蓮,user0474@example.com,東京都,2025-09-16 17:37:42
475,中村 蓮,user0475@example.com,新潟県,2025-07-25 10:52:04
476,加藤 結衣,user0476@example.com,宮崎県,2025-12-22 07:32:48
477,林 悠斗,user0477@example.com,徳島県,2025-05-06 12:41:58
478,小林 結衣,user0478@example.com,大分県,2024-05-04 20:52:46
479,清水 陸,user0479@example.com,群馬県,2025-02-08 12:33:57
480,加藤 美咲,user0480@example.com,愛知県,2024-10-21 02:52:38
481,木村 蓮,user0481@example.com,東京都,2025-05-05 07:47:27
482,清水 蓮,user0482@example.com,栃木県,2025-07-29 09:53:21
483,田中 杏,user0483@example.com,富山県,2025-08-23 08:42:43
484,鈴木 湊,user0484@example.com,新潟県,2024-08-19 23:13:36
485,鈴木 陽菜,user0485@example.com,鹿児島県,2025-02-27 12:01:32
486,林 陽菜,user0486@example.com,北海道,2025-11-28 05:00:18
487,清水 さくら,user0487@example.com,鳥取県,2025-02-20 23:46:15
488,林 拓海,user0488@example.com,山梨県,2024-10-21 11:41:36
489,鈴木 健太,user0489@example.com,新潟県,2025-10-29 20:54:12
490,清水 美咲,user0490@example.com,千葉県,2024-06-28 15:12:53
491,鈴木 陸,user0491@example.com,山梨県,2025-05-22 06:47:00
492,鈴木 翔太,user0492@example.com,高知県,2024-11-01 20:40:43
493,田中 悠斗,user0493@example.com,長崎県,2024-10-18 16:32:32
494,清水 湊,user0494@example.com,岡山県,2025-05-20 04:53:09
495,木村 蓮,user0495@example.com,静岡県,2024-07-16 04:06:04
496,渡辺 颯太,user0496@example.com,鹿児島県,2025-10-25 09:22:00
497,渡辺 翔太,user0497@example.com,香川県,2024-12-11 10:44:29
498,山本 さくら,user0498@example.com,京都府,2025-09-17 23:15:19
499,井上 湊,user0499@example.com,京都府,2024-12-01 03:09:28
500,田中 さくら,user0500@example.com,岐阜県,2024-05-23 17:23:00
501,中村 翔太,user0501@example.com,富山県,2024-09-24 13:57:55
502,木村 蓮,user0502@example.com,愛媛県,2024-12-03 10:59:36
503,山口 翔太,user0503@example.com,三重県,2024-09-24 23:47:59
504,中村 美咲,user0504@example.com,和歌山県,2025-11-14 04:18:15
505,加藤 さくら,user0505@example.com,鹿児島県,2025-02-19 18:17:46
506,加藤 陽菜,user0506@example.com,三重県,2025-10-16 10:44:31
507,森 葵,user0507@example.com,鳥取県,2024-08-12 04:51:47
508,伊藤 颯太,user0508@example.com,大阪府,2025-09-12 13:36:11
509,清水 紬,user0509@example.com,富山県,2025-07-04 07:57:07
510,森 健太,user0510@example.com,広島県,2025-06-22 16:15:56
511,山田 健太,user0511@example.com,宮城県,2025-07-31 04:05:07
512,清水 湊,user0512@example.com,山口県,2024-07-26 20:51:05
513,伊藤 さくら,user0513@example.com,奈良県,2024-12-01 18:56:42
514,田中 拓海,user0514@example.com,山形県,2025-08-20 17:47:51
515,斎藤 颯太,user0515@example.com,栃木県,2024-02-26 16:30:32
516,斎藤 芽依,user0516@example.com,宮城県,2025-04-12 20:31:52
517,清水 颯太,user0517@example.com,沖縄県,2025-11-19 11:13:12
518,佐藤 陸,user0518@example.com,神奈川県,2024-09-17 00:06:35
519,山口 健太,user0519@example.com,愛知県,2024-02-16 15:25:34
520,高橋 楓,user0520@example.com,鳥取県,2024-03-02 02:30:46
521,鈴木 結衣,user0521@example.com,栃木県,2025-02-22 06:33:10
522,井上 凛,user0522@example.com,滋賀県,2025-01-26 16:19:50
523,松本 健太,user0523@example.com,栃木県,2025-11-30 19:38:07
524,山田 陽菜,user0524@example.com,京都府,2024-07-01 19:33:39
525,斎藤 大輝,user0525@example.com,青森県,2024-08-16 00:07:35
526,加藤 颯太,user0526@example.com,兵庫県,2025-11-20 19:49:21
527,清水 陸,user0527@example.com,和歌山県,2024-08-23 09:00:41
528,山田 大輝,user0528@example.com,沖縄県,2024-10-09 06:51:44
529,田中 美咲,user0529@example.com,福岡県,2025-11-07 15:15:50
530,佐藤 葵,user0530@example.com,福島県,2024-07-30 02:26:59
531,森 美咲,user0531@example.com,大分県,2025-04-02 21:45:52
532,鈴木 葵,user0532@example.com,奈良県,2024-02-15 14:38:45
533,中村 楓,user0533@example.com,栃木県,2024-08-10 02:03:18
534,斎藤 結衣,user0534@example.com,岐阜県,2024-08-27 20:58:31
535,山口 杏,user0535@example.com,富山県,2025-11-19 11:40:30
536,加藤 大輝,user0536@example.com,新潟県,2025-11-07 18:58:41
537,井上 結衣,user0537@example.com,徳島県,2024-10-08 02:13:09
538,山口 さくら,user0538@example.com,徳島県,2025-10-03 15:33:14
539,林 美咲,user0539@example.com,熊本県,2024-12-18 23:25:20
540,松本 湊,user0540@example.com,大阪府,2024-11-22 15:09:28
541,伊藤 結衣,user0541@example.com,山口県,2025-01-20 06:41:41
542,林 葵,user0542@example.com,鹿児島県,2024-08-18 10:56:58
543,伊藤 颯太,user0543@example.com,大阪府,2024-02-29 20:28:33
544,井上 楓,user0544@example.com,滋賀県,2025-06-26 04:52:55
545,中村 蓮,user0545@example.com,長崎県,2024-07-27 12:01:28
546,高橋 颯太,user0546@example.com,山口県,2025-01-14 03:21:59
547,山本 美咲,user0547@example.com,大分県,2024-10-01 13:43:56
548,森 杏,user0548@example.com,東京都,2024-02-10 02:38:59
549,山口 楓,user0549@example.com,神奈川県,2024-08-10 17:27:15
550,吉田 結衣,user0550@example.com,東京都,2024-01-16 07:42:42
551,田中 紬,user0551@example.com,鹿児島県,2024-09-05 22:00:20
552,山本 陸,user0552@example.com,岐阜県,2024-09-02 20:06:02
553,加藤 陸,user0553@example.com,長崎県,2025-04-22 19:25:46
554,山田 結衣,user0554@example.com,岡山県,2024-09-24 13:05:39
555,林 颯太,user0555@example.com,岐阜県,2024-04-10 17:05:37
556,山本 凛,user0556@example.com,岩手県,2024-11-16 15:04:14
557,山口 葵,user0557@example.com,石川県,2024-05-29 00:35:25
558,清水 樹,user0558@example.com,山梨県,2025-08-16 15:12:12
559,伊藤 拓海,user0559@example.com,滋賀県,2024-12-03 08:22:29
560,山口 葵,user0560@example.com,長崎県,2025-05-26 20:02:53
561,吉田 蓮,user0561@example.com,島根県,2025-05-15 23:21:48
562,木村 さくら,user0562@example.com,栃木県,2024-12-26 06:09:45
563,清水 紬,user0563@example.com,長崎県,2024-07-07 19:44:18
564,鈴木 湊,user0564@example.com,熊本県,2024-02-04 02:42:22
565,鈴木 翔太,user0565@example.com,佐賀県,2025-02-26 05:00:21
566,中村 健太,user0566@example.com,北海道,2025-12-25 05:29:55
567,山本 湊,user0567@example.com,宮城県,2025-04-11 13:35:16
568,森 杏,user0568@example.com,青森県,2025-05-09 17:45:44
569,佐藤 楓,user0569@example.com,北海道,2025-07-18 14:58:34
570,佐藤 湊,user0570@example.com,山梨県,2024-10-08 19:30:20
571,佐藤 湊,user0571@example.com,千葉県,2025-12-15 15:40:36
572,田中 陽菜,user0572@example.com,富山県,2025-06-20 05:25:16
573,山本 杏,user0573@example.com,愛知県,2025-06-23 09:11:24
574,小林 陸,user0574@example.com,京都府,2024-03-21 13:34:56
575,木村 樹,user0575@example.com,長野県,2024-09-06 08:13:23
576,高橋 美咲,user0576@example.com,滋賀県,2024-04-05 14:45:20
577,松本 楓,user0577@example.com,佐賀県,2025-05-02 02:02:35
578,佐藤 さくら,user0578@example.com,兵庫県,2024-03-25 18:11:57
579,吉田 樹,user0579@example.com,岩手県,2024-04-07 19:13:46
580,中村 拓海,user0580@example.com,鳥取県,2025-12-09 20:38:09
581,小林 美咲,user0581@example.com,山口県,2024-03-17 10:12:29
582,山口 美咲,user0582@example.com,青森県,2024-07-02 11:27:00
583,山本 樹,user0583@example.com,秋田県,2024-05-27 14:30:05
584,加藤 さくら,user0584@example.com,香川県,2025-07-31 08:45:19
585,松本 楓,user0585@example.com,栃木県,2024-12-05 13:58:31
586,高橋 湊,user0586@example.com,福島県,2024-12-20 01:57:18
587,井上 葵,user0587@example.com,高知県,2024-03-18 12:24:02
588,森 杏,user0588@example.com,青森県,2025-02-10 11:52:58
589,小林 颯太,user0589@example.com,愛知県,2025-05-17 08:18:22
590,清水 陸,user0590@example.com,大分県,2025-03-18 06:45:45
591,山口 陸,user0591@example.com,山梨県,2024-03-28 22:31:23
592,中村 健太,user0592@example.com,群馬県,2024-03-25 09:45:23
593,松本 大輝,user0593@example.com,三重県,2025-02-02 11:31:47
594,田中 健太,user0594@example.com,奈良県,2024-01-06 11:13:25
595,山田 蓮,user0595@example.com,山形県,2024-04-14 04:49:27
596,渡辺 芽依,user0596@example.com,徳島県,2025-04-04 20:16:45
597,斎藤 芽依,user0597@example.com,山形県,2024-04-15 00:57:22
598,山田 楓,user0598@example.com,高知県,2024-04-05 21:44:00
599,吉田 陸,user0599@example.com,大阪府,2024-01-13 10:37:33
600,松本 健太,user0600@example.com,香川県,2025-07-26 08:50:16
601,斎藤 さくら,user0601@example.com,埼玉県,2025-12-02 13:51:43
602,伊藤 蓮,user0602@example.com,島根県,2024-11-04 09:46:20
603,伊藤 健太,user0603@example.com,福井県,2024-06-20 15:49:33
604,井上 結衣,user0604@example.com,三重県,2025-05-10 02:48:02
605,小林 葵,user0605@example.com,高知県,2025-10-02 18:03:05
606,森 拓海,user0606@example.com,栃木県,2025-04-13 03:53:41
607,加藤 翔太,user0607@example.com,福岡県,2025-02-09 12:05:44
608,松本 悠斗,user0608@example.com,兵庫県,2025-03-26 12:11:14
609,森 大輝,user0609@example.com,高知県,2024-11-03 11:40:30
610,山本 紬,user0610@example.com,京都府,2024-11-17 06:28:03
611,吉田 結衣,user0611@example.com,島根県,2025-12-12 23:02:35
612,山口 葵,user0612@example.com,福井県,2024-11-29 13:41:30
613,松本 凛,user0613@example.com,東京都,2024-04-26 20:31:45
614,山口 楓,user0614@example.com,青森県,2024-07-03 20:01:42
615,木村 拓海,user0615@example.com,宮崎県,2025-03-24 10:36:25
616,高橋 芽依,user0616@example.com,栃木県,2025-11-20 18:10:44
617,加藤 葵,user0617@example.com,群馬県,2024-09-15 23:58:52
618,井上 陸,user0618@example.com,高知県,2024-03-16 16:21:00
619,林 樹,user0619@example.com,岡山県,2025-02-14 19:27:20
620,井上 楓,user0620@example.com,宮崎県,2024-02-07 13:05:24
621,清水 杏,user0621@example.com,福島県,2025-10-15 03:05:38
622,中村 凛,user0622@example.com,福岡県,2024-06-19 23:33:23
623,鈴木 樹,user0623@example.com,京都府,2025-10-22 23:32:49
624,吉田 芽依,user0624@example.com,福島県,2024-04-18 00:23:02
625,小林 葵,user0625@example.com,徳島県,2025-06-06 18:53:19
626,山口 樹,user0626@example.com,三重県,2024-08-14 16:13:49
627,松本 颯太,user0627@example.com,宮崎県,2025-11-26 21:25:47
628,斎藤 大輝,user0628@example.com,鳥取県,2024-12-19 00:53:39
629,田中 結衣,user0629@example.com,茨城県,2025-03-01 03:07:33
630,伊藤 凛,user0630@example.com,和歌山県,2024-11-15 12:29:26
631,山本 湊,user0631@example.com,鳥取県,2025-05-09 12:40:52
632,田中 颯太,user0632@example.com,岐阜県,2025-12-14 16:28:23
633,高橋 結衣,user0633@example.com,青森県,2024-02-15 04:11:24
634,吉田 陽菜,user0634@example.com,富山県,2025-11-24 05:59:02
635,斎藤 さくら,user0635@example.com,静岡県,2025-07-19 05:49:49
636,清水 芽依,user0636@example.com,京都府,2025-04-18 08:26:29
637,渡辺 さくら,user0637@example.com,兵庫県,2025-10-17 23:55:54
638,松本 翔太,user0638@example.com,奈良県,2025-09-20 07:11:03
639,山口 芽依,user0639@example.com,鹿児島県,2025-02-02 00:09:43
640,山本 拓海,user0640@example.com,香川県,2024-10-12 02:16:40
641,田中 楓,user0641@example.com,岐阜県,2024-07-10 13:19:05
642,山本 颯太,user0642@example.com,熊本県,2024-04-26 09:33:07
643,林 湊,user0643@example.com,高知県,2025-10-16 11:24:38
644,松本 杏,user0644@example.com,茨城県,2025-02-05 21:22:19
645,山田 凛,user0645@example.com,千葉県,2025-04-13 22:28:38
646,加藤 杏,user0646@example.com,大分県,2025-08-27 03:05:08
647,伊藤 悠斗,user0647@example.com,長野県,2024-04-30 08:41:10
648,田中 さくら,user0648@example.com,岡山県,2025-01-17 05:08:48
649,松本 芽依,user0649@example.com,香川県,2025-09-02 05:01:10
650,松本 芽依,user0650@example.com,佐賀県,2024-07-09 17:43:08
651,清水 さくら,user0651@example.com,島根県,2025-07-22 06:04:31
652,加藤 大輝,user0652@example.com,奈良県,2024-07-10 11:27:12
653,森 美咲,user0653@example.com,島根県,2025-01-02 00:20:56
654,伊藤 拓海,user0654@example.com,岡山県,2025-01-28 20:26:47
655,林 芽依,user0655@example.com,大阪府,2025-12-02 17:54:11
656,木村 紬,user0656@example.com,香川県,2024-06-20 03:00:35
657,佐藤 葵,user0657@example.com,福井県,2024-10-26 01:11:25
658,中村 楓,user0658@example.com,和歌山県,2024-10-22 06:07:27
659,山口 紬,user0659@example.com,茨城県,2025-07-16 18:35:52
660,山口 陽菜,user0660@example.com,三重県,2024-10-01 19:46:26
661,清水 美咲,user0661@example.com,神奈川県,2025-03-27 19:53:31
662,井上 陽菜,user0662@example.com,長野県,2025-10-31 09:00:44
663,鈴木 颯太,user0663@example.com,山形県,2024-09-26 12:41:28
664,木村 陽菜,user0664@example.com,愛媛県,2024-08-30 07:38:29
665,山田 杏,user0665@example.com,埼玉県,2025-10-09 15:35:20
666,森 大輝,user0666@example.com,宮城県,2024-07-30 07:32:04
667,山口 凛,user0667@example.com,高知県,2025-06-29 10:14:02
668,清水 さくら,user0668@example.com,山梨県,2024-11-27 10:39:16
669,山口 蓮,user0669@example.com,栃木県,2025-06-10 03:28:01
670,井上 美咲,user0670@example.com,栃木県,2024-10-10 23:52:49
671,伊藤 葵,user0671@example.com,富山県,2024-05-29 11:43:37
672,松本 紬,user0672@example.com,佐賀県,2024-05-25 21:01:24
673,小林 芽依,user0673@example.com,秋田県,2025-01-19 16:27:23
674,高橋 陸,user0674@example.com,宮崎県,2025-06-11 10:07:47
675,山田 颯太,user0675@example.com,愛媛県,2025-05-14 11:54:58
676,佐藤 健太,user0676@example.com,熊本県,2025-04-14 23:06:49
677,山田 健太,user0677@example.com,神奈川県,2025-07-01 14:28:49
678,井上 拓海,user0678@example.com,岐阜県,2025-05-21 09:46:37
679,加藤 悠斗,user0679@example.com,栃木県,2025-07-14 21:02:30
680,山口 紬,user0680@example.com,岩手県,2024-12-17 01:45:45
681,田中 颯太,user0681@example.com,埼玉県,2024-01-17 04:31:24
682,木村 颯太,user0682@example.com,東京都,2024-01-01 15:34:32
683,伊藤 結衣,user0683@example.com,山形県,2024-06-11 09:58:36
684,山田 蓮,user0684@example.com,熊本県,2024-03-25 13:32:18
685,渡辺 美咲,user0685@example.com,長野県,2025-02-09 22:46:39
686,中村 芽依,user0686@example.com,鹿児島県,2025-11-02 03:19:13
687,田中 翔太,user0687@example.com,秋田県,2024-08-06 17:21:36
688,伊藤 樹,user0688@example.com,大分県,2024-08-19 18:54:44
689,木村 翔太,user0689@example.com,茨城県,2024-01-09 12:30:32
690,井上 大輝,user0690@example.com,新潟県,2025-05-04 02:34:43
691,松本 健太,user0691@example.com,岐阜県,2024-04-14 03:45:26
692,山田 結衣,user0692@example.com,栃木県,2024-05-20 13:56:04
693,伊藤 健太,user0693@example.com,北海道,2025-06-27 20:30:31
694,森 さくら,user0694@example.com,沖縄県,2025-03-26 12:47:10
695,山本 大輝,user0695@example.com,大分県,2025-02-25 22:25:50
696,木村 拓海,user0696@example.com,栃木県,2024-03-29 03:39:28
697,田中 樹,user0697@example.com,兵庫県,2025-01-28 12:47:56
698,吉田 大輝,user0698@example.com,長崎県,2024-09-10 10:05:02
699,高橋 葵,user0699@example.com,高知県,2025-07-20 21:52:54
700,森 結衣,user0700@example.com,熊本県,2025-12-08 00:58:35
701,加藤 拓海,user0701@example.com,岡山県,2025-06-14 22:05:51
702,山本 陸,user0702@example.com,宮城県,2024-10-29 23:31:34
703,中村 紬,user0703@example.com,富山県,2025-01-30 04:06:17
704,林 杏,user0704@example.com,北海道,2024-03-13 19:14:03
705,山田 悠斗,user0705@example.com,香川県,2024-05-15 14:05:03
706,井上 凛,user0706@example.com,鳥取県,2025-07-13 06:17:25
707,高橋 翔太,user0707@example.com,北海道,2025-08-24 02:27:31
708,小林 拓海,user0708@example.com,京都府,2024-02-10 02:12:05
709,斎藤 結衣,user0709@example.com,大阪府,2025-10-05 18:14:33
710,井上 陸,user0710@example.com,山口県,2024-03-25 23:19:16
711,清水 杏,user0711@example.com,山形県,2024-06-05 10:06:08
712,加藤 健太,user0712@example.com,群馬県,2025-06-07 07:23:53
713,清水 悠斗,user0713@example.com,佐賀県,2025-02-04 21:21:05
714,高橋 結衣,user0714@example.com,沖縄県,2025-12-16 15:55:42
715,中村 美咲,user0715@example.com,兵庫県,2024-09-07 03:08:20
716,田中 颯太,user0716@example.com,宮城県,2025-09-18 22:10:00
717,加藤 さくら,user0717@example.com,鹿児島県,2024-05-02 00:27:40
718,伊藤 翔太,user0718@example.com,愛知県,2024-06-16 18:04:25
719,斎藤 湊,user0719@example.com,三重県,2024-09-22 06:04:44
720,伊藤 蓮,user0720@example.com,静岡県,2024-04-30 01:04:07
721,井上 蓮,user0721@example.com,石川県,2025-06-20 02:19:31
722,山口 健太,user0722@example.com,岡山県,2025-05-23 16:34:23
723,山田 美咲,user0723@example.com,埼玉県,2025-05-26 20:38:22
724,山田 さくら,user0724@example.com,香川県,2024-09-18 03:44:47
725,田中 葵,user0725@example.com,岩手県,2025-06-05 00:05:36
726,佐藤 葵,user0726@example.com,三重県,2024-02-17 17:10:35
727,松本 大輝,user0727@example.com,徳島県,2024-07-02 01:17:15
728,井上 葵,user0728@example.com,大阪府,2024-11-25 09:02:20
729,吉田 蓮,user0729@example.com,三重県,2024-03-20 20:48:32
730,田中 湊,user0730@example.com,千葉県,2025-11-20 01:55:03
731,中村 湊,user0731@example.com,秋田県,2024-02-17 14:35:50
732,木村 結衣,user0732@example.com,山形県,2024-11-14 11:54:59
733,清水 颯太,user0733@example.com,東京都,2024-01-09 13:25:54
734,加藤 樹,user0734@example.com,富山県,2024-11-07 22:40:20
735,木村 凛,user0735@example.com,東京都,2025-08-28 17:57:45
736,清水 葵,user0736@example.com,大阪府,2024-06-03 00:13:55
737,佐藤 葵,user0737@example.com,佐賀県,2025-07-08 12:36:46
738,佐藤 悠斗,user0738@example.com,滋賀県,2024-01-02 23:55:54
739,加藤 陽菜,user0739@example.com,富山県,2024-07-29 19:17:23
740,井上 紬,user0740@example.com,鹿児島県,2024-03-02 05:11:01
741,小林 健太,user0741@example.com,広島県,2024-02-14 08:25:39
742,井上 凛,user0742@example.com,愛媛県,2025-04-14 03:05:28
743,田中 湊,user0743@example.com,京都府,2024-05-16 23:12:01
744,高橋 樹,user0744@example.com,兵庫県,2025-08-04 02:16:03
745,伊藤 葵,user0745@example.com,岐阜県,2024-10-25 09:30:08
746,松本 悠斗,user0746@example.com,福井県,2024-11-21 16:29:03
747,中村 健太,user0747@example.com,愛媛県,2024-07-26 04:57:20
748,田中 大輝,user0748@example.com,奈良県,2024-04-18 05:59:04
749,木村 悠斗,user0749@example.com,山口県,2025-02-20 04:23:45
750,山田 拓海,user0750@example.com,和歌山県,2025-04-07 11:13:30
751,小林 陽菜,user0751@example.com,大分県,2024-04-02 05:44:18
752,加藤 杏,user0752@example.com,岐阜県,2024-02-11 07:49:43
753,伊藤 健太,user0753@example.com,愛知県,2025-12-29 09:02:14
754,松本 湊,user0754@example.com,石川県,2024-02-20 10:52:49
755,渡辺 翔太,user0755@example.com,徳島県,2025-02-18 16:27:50
756,清水 葵,user0756@example.com,福島県,2024-04-06 16:49:20
757,伊藤 陽菜,user0757@example.com,新潟県,2024-01-13 02:14:43
758,伊藤 拓海,user0758@example.com,大分県,2025-02-14 13:33:10
759,高橋 樹,user0759@example.com,秋田県,2025-08-23 09:25:24
760,佐藤 健太,user0760@example.com,奈良県,2024-07-21 23:31:10
761,伊藤 健太,user0761@example.com,岩手県,2024-12-05 04:27:39
762,木村 美咲,user0762@example.com,兵庫県,2024-06-21 20:53:40
763,松本 紬,user0763@example.com,大分県,2024-01-31 13:56:05
764,井上 さくら,user0764@example.com,千葉県,2024-12-28 07:49:03
765,小林 蓮,user0765@example.com,岩手県,2025-04-01 05:24:41
766,森 杏,user0766@example.com,長崎県,2025-09-23 08:56:55
767,加藤 紬,user0767@example.com,鳥取県,2025-02-25 20:02:59
768,鈴木 健太,user0768@example.com,栃木県,2024-10-13 13:56:42
769,井上 拓海,user0769@example.com,富山県,2025-10-20 19:08:39
770,清水 翔太,user0770@example.com,鳥取県,2025-01-26 13:04:29
771,清水 紬,user0771@example.com,岡山県,2024-12-18 20:35:41
772,吉田 陸,user0772@example.com,青森県,2024-10-03 06:32:48
773,吉田 杏,user0773@example.com,福井県,2024-08-12 01:04:00
774,鈴木 紬,user0774@example.com,愛媛県,2025-06-26 13:00:49
775,中村 さくら,user0775@example.com,熊本県,2024-04-12 09:01:27
776,中村 蓮,user0776@example.com,新潟県,2025-06-30 02:02:08
777,山口 陸,user0777@example.com,千葉県,2024-12-29 06:19:28
778,中村 樹,user0778@example.com,愛媛県,2024-11-21 13:03:46
779,佐藤 凛,user0779@example.com,群馬県,2025-08-04 20:31:13
780,山口 拓海,user0780@example.com,長野県,2025-05-19 19:44:17
781,渡辺 紬,user0781@example.com,宮城県,2024-02-08 03:17:10
782,中村 杏,user0782@example.com,広島県,2024-08-12 00:43:32
783,林 翔太,user0783@example.com,東京都,2024-12-05 22:21:35
784,伊藤 悠斗,user0784@example.com,宮城県,2024-06-30 11:46:53
785,佐藤 大輝,user0785@example.com,茨城県,2025-08-23 05:09:26
786,斎藤 凛,user0786@example.com,鹿児島県,2024-03-15 13:36:07
787,松本 樹,user0787@example.com,長野県,2024-04-13 12:15:13
788,吉田 大輝,user0788@example.com,佐賀県,2024-06-10 15:54:21
789,林 悠斗,user0789@example.com,宮崎県,2024-06-27 20:27:39
790,森 凛,user0790@example.com,千葉県,2024-08-16 21:26:34
791,松本 結衣,user0791@example.com,栃木県,2025-12-06 10:43:22
792,渡辺 翔太,user0792@example.com,京都府,2025-12-19 20:51:22
793,山口 美咲,user0793@example.com,岐阜県,2024-07-05 21:55:56
794,森 葵,user0794@example.com,福島県,2025-10-16 20:35:27
795,林 大輝,user0795@example.com,富山県,2024-12-05 02:49:58
796,山田 悠斗,user0796@example.com,山形県,2024-06-20 23:09:46
797,吉田 颯太,user0797@example.com,神奈川県,2024-01-12 09:39:21
798,中村 健太,user0798@example.com,福島県,2024-12-24 09:20:40
799,佐藤 美咲,user0799@example.com,沖縄県,2025-01-30 15:57:18
800,井上 さくら,user0800@example.com,滋賀県,2025-02-27 17:57:09
801,山田 楓,user0801@example.com,鳥取県,2025-01-19 03:41:34
802,山口 葵,user0802@example.com,秋田県,2024-06-15 16:25:51
803,鈴木 結衣,user0803@example.com,石川県,2024-01-21 11:36:14
804,田中 健太,user0804@example.com,滋賀県,2024-12-16 06:11:36
805,渡辺 健太,user0805@example.com,静岡県,2025-07-14 03:23:23
806,森 杏,user0806@example.com,兵庫県,2025-05-09 01:07:42
807,渡辺 杏,user0807@example.com,宮城県,2025-03-20 05:43:11
808,田中 悠斗,user0808@example.com,大阪府,2024-07-29 06:55:01
809,清水 楓,user0809@example.com,長野県,2024-09-28 10:14:59
810,中村 陽菜,user0810@example.com,香川県,2024-02-20 14:18:18
811,清水 紬,user0811@example.com,三重県,2024-06-06 01:59:04
812,佐藤 芽依,user0812@example.com,熊本県,2024-03-30 10:43:27
813,森 紬,user0813@example.com,青森県,2024-07-23 03:31:52
814,山本 さくら,user0814@example.com,山形県,2025-10-15 10:37:28
815,林 陽菜,user0815@example.com,鳥取県,2024-11-11 14:28:16
816,林 蓮,user0816@example.com,山口県,2024-04-03 23:22:10
817,松本 さくら,user0817@example.com,三重県,2025-01-14 13:53:16
818,渡辺 颯太,user0818@example.com,奈良県,2024-02-15 09:35:10
819,木村 蓮,user0819@example.com,香川県,2024-08-19 09:46:40
820,鈴木 大輝,user0820@example.com,山形県,2025-12-14 03:31:15
821,山田 楓,user0821@example.com,新潟県,2025-02-27 21:28:16
822,清水 美咲,user0822@example.com,大阪府,2025-01-31 19:01:35
823,清水 紬,user0823@example.com,鳥取県,2025-08-09 08:34:46
824,加藤 健太,user0824@example.com,岡山県,2025-02-08 01:15:51
825,山口 湊,user0825@example.com,群馬県,2025-08-08 22:35:00
826,田中 颯太,user0826@example.com,神奈川県,2024-06-26 06:05:10
827,山本 大輝,user0827@example.com,山形県,2024-02-13 15:24:52
828,井上 拓海,user0828@example.com,高知県,2025-10-04 05:23:02
829,小林 悠斗,user0829@example.com,滋賀県,2024-03-09 03:10:06
830,清水 陸,user0830@example.com,福井県,2025-07-19 11:52:26
831,斎藤 颯太,user0831@example.com,愛媛県,2024-01-13 22:41:05
832,斎藤 芽依,user0832@example.com,群馬県,2024-04-25 15:05:21
833,伊藤 樹,user0833@example.com,福島県,2025-08-25 21:12:52
834,田中 樹,user0834@example.com,山口県,2024-04-13 10:24:58
835,山田 芽依,user0835@example.com,長崎県,2024-09-27 13:56:46
836,林 樹,user0836@example.com,岩手県,2025-09-15 17:13:23
837,渡辺 蓮,user0837@example.com,福岡県,2025-02-16 05:14:15
838,森 陸,user0838@example.com,静岡県,2024-02-09 14:24:37
839,中村 美咲,user0839@example.com,三重県,2025-05-01 09:46:43
840,佐藤 悠斗,user0840@example.com,福井県,2024-11-06 11:19:16
841,林 陽菜,user0841@example.com,長野県,2024-08-21 04:53:34
842,木村 悠斗,user0842@example.com,高知県,2024-10-02 15:10:27
843,高橋 拓海,user0843@example.com,大阪府,2025-03-28 07:41:47
844,林 湊,user0844@example.com,岡山県,2025-01-17 02:02:47
845,渡辺 健太,user0845@example.com,京都府,2024-11-14 18:27:06
846,伊藤 湊,user0846@example.com,千葉県,2025-08-05 01:03:14
847,山本 拓海,user0847@example.com,岩手県,2024-02-29 09:05:01
848,木村 美咲,user0848@example.com,福井県,2025-01-04 07:14:57
849,山田 颯太,user0849@example.com,佐賀県,2025-06-01 14:27:08
850,田中 翔太,user0850@example.com,島根県,2024-09-04 13:33:39
851,森 颯太,user0851@example.com,愛媛県,2024-06-30 17:16:44
852,清水 凛,user0852@example.com,石川県,2024-12-18 05:57:12
853,高橋 結衣,user0853@example.com,宮城県,2024-01-29 14:04:27
854,渡辺 樹,user0854@example.com,長崎県,2024-08-07 08:03:32
855,中村 拓海,user0855@example.com,大阪府,2024-10-02 23:43:24
856,斎藤 翔太,user0856@example.com,鳥取県,2025-11-29 00:19:26
857,伊藤 さくら,user0857@example.com,新潟県,2025-09-07 00:18:29
858,小林 杏,user0858@example.com,福井県,2024-11-08 23:24:05
859,井上 陸,user0859@example.com,石川県,2024-12-23 16:42:41
860,山本 颯太,user0860@example.com,福岡県,2024-11-05 18:57:21
861,松本 樹,user0861@example.com,岡山県,2024-04-14 00:16:03
862,山田 楓,user0862@example.com,高知県,2025-10-24 21:37:06
863,加藤 結衣,user0863@example.com,鳥取県,2025-12-01 03:56:09
864,高橋 悠斗,user0864@example.com,岐阜県,2024-10-10 23:19:24
865,小林 蓮,user0865@example.com,長野県,2025-11-02 23:43:09
866,山本 大輝,user0866@example.com,宮城県,2025-06-13 08:44:56
867,森 陸,user0867@example.com,大分県,2025-11-07 11:38:08
868,伊藤 翔太,user0868@example.com,山梨県,2025-11-02 18:06:31
869,小林 芽依,user0869@example.com,岩手県,2025-02-18 14:08:11
870,山口 樹,user0870@example.com,沖縄県,2024-07-13 12:29:39
871,中村 楓,user0871@example.com,熊本県,2025-10-15 17:19:15
872,山田 湊,user0872@example.com,熊本県,2024-11-03 06:11:20
873,清水 さくら,user0873@example.com,鳥取県,2024-10-27 03:33:13
874,伊藤 蓮,user0874@example.com,大分県,2025-07-26 06:39:55
875,吉田 健太,user0875@example.com,新潟県,2024-08-15 12:56:07
876,加藤 芽依,user0876@example.com,石川県,2024-12-05 13:31:57
877,山口 結衣,user0877@example.com,鳥取県,2025-04-19 04:17:17
878,鈴木 樹,user0878@example.com,秋田県,2025-08-17 22:35:50
879,林 拓海,user0879@example.com,大分県,2025-05-27 04:21:44
880,松本 湊,user0880@example.com,宮城県,2024-11-01 15:02:26
881,伊藤 大輝,user0881@example.com,大阪府,2024-07-24 12:28:34
882,山口 颯太,user0882@example.com,鹿児島県,2024-05-26 11:31:09
883,渡辺 健太,user0883@example.com,佐賀県,2025-05-14 12:06:38
884,渡辺 悠斗,user0884@example.com,北海道,2025-10-11 02:06:43
885,木村 蓮,user0885@example.com,香川県,2024-08-02 06:08:19
886,渡辺 紬,user0886@example.com,福岡県,2024-03-31 04:42:41
887,井上 芽依,user0887@example.com,鳥取県,2025-02-17 15:37:13
888,松本 翔太,user0888@example.com,東京都,2024-02-08 19:26:03
889,山田 翔太,user0889@example.com,東京都,2024-11-25 19:20:03
890,佐藤 翔太,user0890@example.com,新潟県,2025-10-03 09:03:33
891,山田 結衣,user0891@example.com,滋賀県,2024-05-12 03:44:22
892,斎藤 樹,user0892@example.com,秋田県,2024-11-09 06:04:51
893,鈴木 結衣,user0893@example.com,沖縄県,2024-10-24 16:35:59
894,斎藤 杏,user0894@example.com,兵庫県,2025-06-20 12:18:00
895,伊藤 悠斗,user0895@example.com,東京都,2025-05-16 13:04:47
896,渡辺 陸,user0896@example.com,新潟県,2024-01-20 08:18:59
897,伊藤 拓海,user0897@example.com,岡山県,2024-01-23 21:28:12
898,渡辺 陽菜,user0898@example.com,岩手県,2025-01-10 23:41:07
899,松本 蓮,user0899@example.com,宮城県,2025-07-01 22:41:15
900,森 美咲,user0900@example.com,長崎県,2025-11-08 03:56:10
901,佐藤 美咲,user0901@example.com,大阪府,2025-12-07 04:12:56
902,木村 陸,user0902@example.com,石川県,2024-05-06 19:55:33
903,林 大輝,user0903@example.com,北海道,2024-07-29 22:56:56
904,加藤 芽依,user0904@example.com,熊本県,2025-11-08 03:40:35
905,斎藤 蓮,user0905@example.com,宮崎県,2025-09-29 22:03:01
906,伊藤 芽依,user0906@example.com,沖縄県,2024-04-17 18:37:34
907,森 陽菜,user0907@example.com,福島県,2024-10-16 04:09:03
908,林 拓海,user0908@example.com,石川県,2025-09-15 07:16:21
909,斎藤 拓海,user0909@example.com,山梨県,2025-01-01 14:55:07
910,渡辺 美咲,user0910@example.com,神奈川県,2025-07-15 18:04:18
911,林 悠斗,user0911@example.com,北海道,2024-08-28 00:05:58
912,高橋 陽菜,user0912@example.com,群馬県,2025-08-10 17:59:23
913,高橋 湊,user0913@example.com,石川県,2024-03-17 03:41:16
914,中村 颯太,user0914@example.com,和歌山県,2024-10-30 09:36:59
915,鈴木 陽菜,user0915@example.com,山梨県,2024-06-27 01:26:10
916,山田 悠斗,user0916@example.com,福島県,2025-03-12 04:13:11
917,鈴木 翔太,user0917@example.com,埼玉県,2024-05-21 23:33:49
918,吉田 凛,user0918@example.com,福井県,2025-03-24 22:38:21
919,高橋 凛,user0919@example.com,茨城県,2024-12-16 06:39:29
920,松本 陸,user0920@example.com,滋賀県,2025-04-12 09:53:49
921,林 芽依,user0921@example.com,茨城県,2025-10-26 06:04:20
922,伊藤 美咲,user0922@example.com,大阪府,2024-06-12 03:46:33
923,山口 紬,user0923@example.com,千葉県,2025-08-05 15:57:10
924,森 陸,user0924@example.com,青森県,2025-01-02 22:15:31
925,伊藤 紬,user0925@example.com,大阪府,2025-05-14 04:06:42
926,木村 美咲,user0926@example.com,長崎県,2024-03-05 09:31:30
927,吉田 翔太,user0927@example.com,香川県,2025-12-22 19:06:28
928,山口 葵,user0928@example.com,広島県,2025-11-16 12:19:01
929,斎藤 杏,user0929@example.com,熊本県,2024-04-07 15:45:34
930,中村 紬,user0930@example.com,滋賀県,2024-12-20 23:21:10
931,伊藤 楓,user0931@example.com,北海道,2025-09-19 01:59:12
932,渡辺 湊,user0932@example.com,埼玉県,2025-04-25 18:03:10
933,高橋 紬,user0933@example.com,静岡県,2024-11-24 08:46:14
934,小林 美咲,user0934@example.com,徳島県,2025-06-03 08:06:30
935,松本 陸,user0935@example.com,和歌山県,2024-08-28 02:52:12
936,木村 樹,user0936@example.com,島根県,2025-04-03 03:12:16
937,木村 悠斗,user0937@example.com,長崎県,2024-05-01 18:06:31
938,佐藤 陽菜,user0938@example.com,岩手県,2025-02-17 15:00:46
939,清水 楓,user0939@example.com,高知県,2024-01-01 03:18:33
940,森 結衣,user0940@example.com,神奈川県,2025-06-04 20:28:26
941,木村 悠斗,user0941@example.com,新潟県,2025-01-07 01:58:33
942,木村 悠斗,user0942@example.com,高知県,2025-07-27 22:33:52
943,林 凛,user0943@example.com,福島県,2025-04-08 04:09:05
944,中村 翔太,user0944@example.com,佐賀県,2024-12-15 12:55:48
945,加藤 楓,user0945@example.com,宮崎県,2025-06-18 13:36:46
946,田中 美咲,user0946@example.com,栃木県,2024-06-17 17:55:42
947,井上 陽菜,user0947@example.com,東京都,2024-09-17 22:14:25
948,山本 陽菜,user0948@example.com,和歌山県,2025-02-06 07:50:57
949,山本 悠斗,user0949@example.com,岩手県,2024-04-20 15:05:25
950,山口 陽菜,user0950@example.com,熊本県,2025-04-06 16:39:10
951,山口 湊,user0951@example.com,北海道,2024-05-17 18:09:42
952,斎藤 美咲,user0952@example.com,愛媛県,2025-07-20 15:45:29
953,林 湊,user0953@example.com,千葉県,2024-06-30 21:03:52
954,伊藤 陽菜,user0954@example.com,高知県,2025-01-31 23:56:22
955,森 悠斗,user0955@example.com,大阪府,2025-05-31 14:00:18
956,森 葵,user0956@example.com,静岡県,2024-10-07 14:29:09
957,加藤 颯太,user0957@example.com,大阪府,2024-05-16 05:01:51
958,森 湊,user0958@example.com,岐阜県,2024-11-02 19:56:42
959,清水 拓海,user0959@example.com,福岡県,2024-07-24 07:38:07
960,加藤 凛,user0960@example.com,鹿児島県,2025-11-19 04:49:49
961,渡辺 湊,user0961@example.com,岐阜県,2025-07-09 23:11:16
962,田中 凛,user0962@example.com,愛媛県,2025-07-29 17:29:23
963,山口 芽依,user0963@example.com,山梨県,2025-11-21 19:26:19
964,井上 翔太,user0964@example.com,青森県,2025-06-19 03:52:35
965,松本 大輝,user0965@example.com,東京都,2024-02-24 02:03:39
966,小林 さくら,user0966@example.com,群馬県,2024-10-20 09:07:21
967,鈴木 結衣,user0967@example.com,岩手県,2024-07-27 19:42:12
968,山田 颯太,user0968@example.com,大分県,2024-04-14 22:25:54
969,清水 葵,user0969@example.com,滋賀県,2025-10-24 20:26:06
970,中村 湊,user0970@example.com,宮崎県,2025-12-13 10:28:21
971,鈴木 陸,user0971@example.com,大分県,2025-01-31 15:10:00
972,吉田 楓,user0972@example.com,石川県,2024-02-25 00:28:19
973,山本 杏,user0973@example.com,佐賀県,2025-03-29 08:12:43
974,山田 樹,user0974@example.com,東京都,2025-07-13 21:58:07
975,山本 結衣,user0975@example.com,大分県,2025-04-04 06:27:35
976,高橋 さくら,user0976@example.com,茨城県,2024-06-26 18:42:30
977,松本 美咲,user0977@example.com,徳島県,2025-03-14 10:09:43
978,小林 大輝,user0978@example.com,石川県,2024-06-13 21:15:44
979,佐藤 悠斗,user0979@example.com,岩手県,2025-04-22 05:38:10
980,伊藤 悠斗,user0980@example.com,佐賀県,2025-09-03 01:51:05
981,森 結衣,user0981@example.com,徳島県,2025-05-17 20:51:01
982,山田 健太,user0982@example.com,広島県,2025-12-25 11:34:22
983,中村 さくら,user0983@example.com,岡山県,2025-06-17 02:28:56
984,渡辺 芽依,user0984@example.com,京都府,2025-07-10 19:33:10
985,高橋 凛,user0985@example.com,熊本県,2024-08-14 07:46:04
986,吉田 悠斗,user0986@example.com,神奈川県,2025-01-04 10:41:19
987,森 湊,user0987@example.com,長崎県,2025-05-01 20:26:15
988,佐藤 陽菜,user0988@example.com,奈良県,2025-11-15 12:35:51
989,中村 杏,user0989@example.com,岩手県,2025-09-28 08:52:38
990,吉田 陸,user0990@example.com,石川県,2024-04-26 14:02:57
991,清水 結衣,user0991@example.com,三重県,2024-01-26 18:49:06
992,斎藤 湊,user0992@example.com,岩手県,2025-04-01 17:43:26
993,加藤 拓海,user0993@example.com,山形県,2024-11-24 18:42:37
994,田中 さくら,user0994@example.com,北海道,2025-07-04 19:24:48
995,高橋 拓海,user0995@example.com,神奈川県,2025-11-17 22:55:11
996,井上 陽菜,user0996@example.com,宮崎県,2024-07-29 19:34:44
997,井上 健太,user0997@example.com,青森県,2025-12-03 05:35:52
998,木村 悠斗,user0998@example.com,秋田県,2024-02-08 03:11:11
999,鈴木 さくら,user0999@example.com,秋田県,2024-09-14 20:19:09
1000,山口 葵,user1000@example.com,滋賀県,2024-09-21 14:50:29
