product_id,name,category,price
1,スパイスセット タイプ001,ファッション,35570
2,加湿器 タイプ002,家電,32000
3,小説 タイプ003,スポーツ,580
4,ブレンダー タイプ004,家電,48070
5,コーヒーメーカー タイプ005,家電,29400
6,キャップ タイプ006,家電,23840
7,ランニングウォッチ タイプ007,スポーツ,7180
8,ランニングウォッチ タイプ008,ファッション,31340
9,図鑑 タイプ009,家電,38920
10,クッキー詰合せ タイプ010,スポーツ,18110
11,オーガニック紅茶 タイプ011,ファッション,44800
12,ランニングウォッチ タイプ012,書籍,24510
13,モバイルバッテリー タイプ013,家電,45440
14,ダンベル タイプ014,書籍,10190
15,コーヒーメーカー タイプ015,家電,47010
16,ブレンダー タイプ016,ファッション,44100
17,ダンベル タイプ017,家電,25060
18,パーカー タイプ018,食品,17440
19,レシピ本 タイプ019,スポーツ,11760
20,クッキー詰合せ タイプ020,書籍,18180
21,ブレンダー タイプ021,食品,16010
22,小説 タイプ022,書籍,46570
23,コーヒーメーカー タイプ023,スポーツ,37880
24,ダンベル タイプ024,家電,23910
25,入門書 タイプ025,食品,8140
26,パーカー タイプ026,スポーツ,40010
27,加湿器 タイプ027,食品,10600
28,スニーカー タイプ028,家電,23450
29,ブレンダー タイプ029,家電,15950
30,加湿器 タイプ030,ファッション,37010
31,加湿器 タイプ031,スポーツ,25140
32,テントセット タイプ032,書籍,46430
33,テントセット タイプ033,食品,26010
34,レシピ本 タイプ034,書籍,490
35,加湿器 タイプ035,書籍,18240
36,レシピ本 タイプ036,食品,29540
37,オーガニック紅茶 タイプ037,食品,39410
38,スパイスセット タイプ038,ファッション,29480
39,ランニングウォッチ タイプ039,ファッション,45290
40,小説 タイプ040,書籍,49790
41,入門書 タイプ041,食品,11560
42,ダンベル タイプ042,書籍,21660
43,入門書 タイプ043,家電,1620
44,キャップ タイプ044,家電,47760
45,テントセット タイプ045,ファッション,48430
46,パーカー タイプ046,家電,45280
47,ヨガマット タイプ047,スポーツ,44310
48,トートバッグ タイプ048,書籍,30060
49,図鑑 タイプ049,書籍,48400
50,ランニングウォッチ タイプ050,書籍,38160
51,キャップ タイプ051,スポーツ,7510
52,図鑑 タイプ052,食品,41230
53,ワイヤレスイヤホン タイプ053,書籍,13680
54,キャップ タイプ054,書籍,36650
55,クッキー詰合せ タイプ055,書籍,46490
56,テントセット タイプ056,書籍,39700
57,モバイルバッテリー タイプ057,家電,18020
58,トートバッグ タイプ058,書籍,5240
59,ヨガマット タイプ059,食品,19270
60,コーヒーメーカー タイプ060,書籍,42520
61,モバイルバッテリー タイプ061,ファッション,38570
62,スパイスセット タイプ062,家電,3360
63,加湿器 タイプ063,家電,42810
64,ヨガマット タイプ064,食品,47500
65,ダンベル タイプ065,スポーツ,14340
66,図鑑 タイプ066,ファッション,30020
67,テントセット タイプ067,家電,42420
68,ヨガマット タイプ068,ファッション,18350
69,キャップ タイプ069,ファッション,29000
70,モバイルバッテリー タイプ070,ファッション,39590
71,ブレンダー タイプ071,家電,41210
72,オーガニック紅茶 タイプ072,ファッション,13660
73,スニーカー タイプ073,家電,42250
74,ヨガマット タイプ074,書籍,12400
75,クッキー詰合せ タイプ075,書籍,29770
76,ブレンダー タイプ076,家電,18960
77,レシピ本 タイプ077,食品,9380
78,トートバッグ タイプ078,ファッション,39340
79,パーカー タイプ079,スポーツ,13300
80,レシピ本 タイプ080,家電,20060
81,コーヒーメーカー タイプ081,書籍,47080
82,テントセット タイプ082,書籍,11130
83,キャップ タイプ083,家電,46980
84,オーガニック紅茶 タイプ084,家電,13720
85,ヨガマット タイプ085,書籍,42420
86,図鑑 タイプ086,スポーツ,46270
87,ワイヤレスイヤホン タイプ087,食品,7120
88,パーカー タイプ088,ファッション,49780
89,トートバッグ タイプ089,ファッション,14070
90,スニーカー タイプ090,ファッション,49320
91,オーガニック紅茶 タイプ091,スポーツ,14990
92,ブレンダー タイプ092,スポーツ,21760
93,クッキー詰合せ タイプ093,食品,37240
94,ブレンダー タイプ094,スポーツ,5730
95,スニーカー タイプ095,ファッション,31670
96,オーガニック紅茶 タイプ096,家電,1450
97,パーカー タイプ097,スポーツ,41410
98,レシピ本 タイプ098,書籍,49700
99,小説 タイプ099,書籍,39080
100,ブレンダー タイプ100,スポーツ,3290
101,ダンベル タイプ101,スポーツ,9720
102,入門書 タイプ102,ファッション,10770
103,ブレンダー タイプ103,スポーツ,190
104,レシピ本 タイプ104,スポーツ,34560
105,モバイルバッテリー タイプ105,家電,43500
106,レシピ本 タイプ106,書籍,39590
107,図鑑 タイプ107,食品,48350
108,テントセット タイプ108,家電,34950
109,オーガニック紅茶 タイプ109,食品,39180
110,スニーカー タイプ110,家電,23300
111,ブレンダー タイプ111,スポーツ,33570
112,ヨガマット タイプ112,書籍,540
113,ワイヤレスイヤホン タイプ113,スポーツ,42900
114,小説 タイプ114,スポーツ,680
115,図鑑 タイプ115,書籍,25970
116,レシピ本 タイプ116,食品,8830
117,オーガニック紅茶 タイプ117,ファッション,48050
118,ヨガマット タイプ118,食品,44010
119,レシピ本 タイプ119,スポーツ,30050
120,ブレンダー タイプ120,食品,32650
121,パーカー タイプ121,ファッション,45320
122,ダンベル タイプ122,ファッション,14740
123,モバイルバッテリー タイプ123,スポーツ,45550
124,トートバッグ タイプ124,食品,25220
125,テントセット タイプ125,食品,32710
126,オーガニック紅茶 タイプ126,家電,18920
127,スパイスセット タイプ127,書籍,8310
128,パーカー タイプ128,スポーツ,32910
129,加湿器 タイプ129,スポーツ,4360
130,クッキー詰合せ タイプ130,ファッション,530
131,入門書 タイプ131,書籍,38730
132,ブレンダー タイプ132,ファッション,7320
133,入門書 タイプ133,食品,18260
134,モバイルバッテリー タイプ134,家電,49990
135,コーヒーメーカー タイプ135,ファッション,32920
136,ブレンダー タイプ136,スポーツ,23560
137,ブレンダー タイプ137,家電,14450
138,トートバッグ タイプ138,ファッション,970
139,パーカー タイプ139,スポーツ,23520
140,パーカー タイプ140,家電,49210
141,キャップ タイプ141,スポーツ,19070
142,ブレンダー タイプ142,書籍,3050
143,モバイルバッテリー タイプ143,書籍,120
144,クッキー詰合せ タイプ144,家電,22700
145,図鑑 タイプ145,食品,32470
146,図鑑 タイプ146,スポーツ,16500
147,キャップ タイプ147,家電,5720
148,入門書 タイプ148,スポーツ,23400
149,ダンベル タイプ149,スポーツ,28610
150,モバイルバッテリー タイプ150,食品,18630
151,ブレンダー タイプ151,書籍,37350
152,図鑑 タイプ152,スポーツ,480
153,ヨガマット タイプ153,書籍,33450
154,キャップ タイプ154,家電,45860
155,入門書 タイプ155,スポーツ,24200
156,加湿器 タイプ156,家電,42140
157,ヨガマット タイプ157,スポーツ,47190
158,ヨガマット タイプ158,ファッション,30990
159,テントセット タイプ159,ファッション,20020
160,加湿器 タイプ160,ファッション,37840
161,テントセット タイプ161,家電,39580
162,小説 タイプ162,食品,5630
163,図鑑 タイプ163,書籍,18930
164,加湿器 タイプ164,ファッション,29020
165,キャップ タイプ165,スポーツ,890
166,ヨガマット タイプ166,書籍,23630
167,入門書 タイプ167,ファッション,28110
168,入門書 タイプ168,スポーツ,14720
169,トートバッグ タイプ169,食品,29060
170,パーカー タイプ170,スポーツ,22140
171,クッキー詰合せ タイプ171,書籍,40970
172,パーカー タイプ172,書籍,19920
173,ヨガマット タイプ173,書籍,18870
174,パーカー タイプ174,書籍,29260
175,オーガニック紅茶 タイプ175,家電,9920
176,入門書 タイプ176,ファッション,640
177,ダンベル タイプ177,家電,39600
178,モバイルバッテリー タイプ178,スポーツ,25930
179,トートバッグ タイプ179,スポーツ,22600
180,トートバッグ タイプ180,書籍,41970
181,ヨガマット タイプ181,ファッション,18290
182,テントセット タイプ182,書籍,4530
183,キャップ タイプ183,ファッション,39280
184,ダンベル タイプ184,家電,41260
185,モバイルバッテリー タイプ185,ファッション,14410
186,スパイスセット タイプ186,家電,42550
187,スパイスセット タイプ187,食品,780
188,ワイヤレスイヤホン タイプ188,書籍,31180
189,テントセット タイプ189,家電,26750
190,モバイルバッテリー タイプ190,スポーツ,21370
191,クッキー詰合せ タイプ191,スポーツ,21630
192,スニーカー タイプ192,食品,38710
193,ブレンダー タイプ193,食品,30070
194,クッキー詰合せ タイプ194,ファッション,34820
195,パーカー タイプ195,ファッション,30590
196,モバイルバッテリー タイプ196,ファッション,23000
197,スパイスセット タイプ197,書籍,46900
198,オーガニック紅茶 タイプ198,スポーツ,18820
199,小説 タイプ199,食品,19410
200,ダンベル タイプ200,ファッション,31300
